id,pesid,data_inversa,dia_semana,horario,uf,br,km,municipio,elemento_transito,causa_acidente,tipo_acidente,classificacao_acidente,fase_dia,condicao_metereologica,tipo_pista,tracado_via,uso_solo,tipo_veiculo,tipo_envolvido,estado_fisico,sexo,ilesos,feridos_leves,feridos_graves,mortos,latitude,longitude
62546,135225,2017-08-16 00:00:00.000,"quarta-feira",1899-12-30 09:10:00.000,"MG","40",515,"RIBEIRAO DAS NEVES","Homem","Falta de Atenção à Condução","Colisão traseira","Sem Vítimas","Pleno dia","Céu Claro","Dupla","Reta","Urbano","Automóvel","Condutor","Ileso","Masculino",1,0,0,0,-19.81671,-44.08945
62546,135115,2017-08-16 00:00:00.000,"quarta-feira",1899-12-30 09:10:00.000,"MG","40",515,"RIBEIRAO DAS NEVES","Homem","Falta de Atenção à Condução","Colisão traseira","Sem Vítimas","Pleno dia","Céu Claro","Dupla","Reta","Urbano","Automóvel","Condutor","Ileso","Masculino",1,0,0,0,-19.81671,-44.08945
64401,140526,2017-08-23 00:00:00.000,"quarta-feira",1899-12-30 00:40:00.000,"MG","40",507,"RIBEIRAO DAS NEVES","Homem","Falta de Atenção à Condução","Colisão traseira","Sem Vítimas","Plena Noite","Céu Claro","Dupla","Reta","Urbano","Automóvel","Condutor","Ileso","Masculino",1,0,0,0,-19.76151,-44.13398
97177,209397,2017-12-23 00:00:00.000,"sábado",1899-12-30 06:50:00.000,"MG","40",612,"CONGONHAS","Homem","Falta de Atenção à Condução","Colisão traseira","Sem Vítimas","Pleno dia","Céu Claro","Simples","Reta","Urbano","Automóvel","Condutor","Ileso","Masculino",1,0,0,0,-20.52155,-43.83141
105792,231650,2018-01-24 00:00:00.000,"quarta-feira",1899-12-30 06:50:00.000,"MG","40",532,"BELO HORIZONTE","Homem","Falta de Atenção à Condução","Colisão traseira","Sem Vítimas","Pleno dia","Céu Claro","Dupla","Reta","Urbano","Automóvel","Condutor","Ileso","Masculino",1,0,0,0,-19.92482044,-44.01117666
106045,230733,2018-01-25 00:00:00.000,"quinta-feira",1899-12-30 12:30:00.000,"MG","40",612,"CONGONHAS","Homem","Falta de Atenção à Condução","Colisão traseira","Sem Vítimas","Pleno dia","Céu Claro","Simples","Reta","Rural","Automóvel","Condutor","Ileso","Masculino",1,0,0,0,-20.52758645,-43.82539881
118421,258082,2018-03-15 00:00:00.000,"quinta-feira",1899-12-30 13:50:00.000,"MG","40",660,"CARANDAI","Homem","Falta de Atenção à Condução","Colisão traseira","Sem Vítimas","Pleno dia","Céu Claro","Simples","Reta","Urbano","Automóvel","Condutor","Ileso","Masculino",1,0,0,0,-20.90234198,-43.82739455
140530,304493,2018-06-16 00:00:00.000,"sábado",1899-12-30 11:40:00.000,"MG","40",697,"BARBACENA","Homem","Falta de Atenção à Condução","Colisão traseira","Sem Vítimas","Pleno dia","Céu Claro","Dupla","Reta","Urbano","Automóvel","Condutor","Ileso","Masculino",1,0,0,0,-21.19018,-43.75158
152215,334004,2018-08-10 00:00:00.000,"sexta-feira",1899-12-30 23:15:00.000,"MG","40",618,"CONGONHAS","Homem","Falta de Atenção à Condução","Colisão traseira","Sem Vítimas","Plena Noite","Céu Claro","Simples","Reta","Rural","Automóvel","Condutor","Ileso","Masculino",1,0,0,0,-20.5715,-43.8116
182481,402942,2019-01-02 00:00:00.000,"quarta-feira",1899-12-30 10:30:00.000,"MG","40",456,"CAETANOPOLIS","Homem","Falta de Atenção à Condução","Colisão traseira","Sem Vítimas","Pleno dia","Céu Claro","Dupla","Reta","Urbano","Automóvel","Condutor","Ileso","Masculino",1,0,0,0,-19.3794,-44.338
182481,402918,2019-01-02 00:00:00.000,"quarta-feira",1899-12-30 10:30:00.000,"MG","40",456,"CAETANOPOLIS","Homem","Falta de Atenção à Condução","Colisão traseira","Sem Vítimas","Pleno dia","Céu Claro","Dupla","Reta","Urbano","Automóvel","Condutor","Ileso","Masculino",1,0,0,0,-19.3794,-44.338
189517,420392,2019-02-05 00:00:00.000,"terça-feira",1899-12-30 17:25:00.000,"MG","40",527,"CONTAGEM","Homem","Falta de Atenção à Condução","Colisão traseira","Sem Vítimas","Pleno dia","Céu Claro","Dupla","Reta","Urbano","Automóvel","Condutor","Ileso","Masculino",1,0,0,0,-19.9105,-44.0427
189679,419120,2019-02-06 00:00:00.000,"quarta-feira",1899-12-30 14:30:00.000,"MG","40",487,"ESMERALDAS","Homem","Falta de Atenção à Condução","Colisão traseira","Sem Vítimas","Pleno dia","Céu Claro","Múltipla","Reta","Rural","Automóvel","Condutor","Ileso","Masculino",1,0,0,0,-19.6114,-44.2176
202891,449963,2019-04-12 00:00:00.000,"sexta-feira",1899-12-30 21:00:00.000,"MG","40",487,"CAPIM BRANCO","Homem","Falta de Atenção à Condução","Colisão traseira","Sem Vítimas","Plena Noite","Céu Claro","Dupla","Reta","Rural","Automóvel","Condutor","Ileso","Masculino",1,0,0,0,-19.601,-44.222
203127,450277,2019-04-13 00:00:00.000,"sábado",1899-12-30 20:15:00.000,"MG","40",617,"CONGONHAS","Homem","Falta de Atenção à Condução","Colisão traseira","Sem Vítimas","Plena Noite","Céu Claro","Simples","Reta","Urbano","Automóvel","Condutor","Ileso","Masculino",1,0,0,0,-20.562248,-43.812087
207311,461556,2019-05-04 00:00:00.000,"sábado",1899-12-30 19:30:00.000,"MG","40",768,"JUIZ DE FORA","Homem","Falta de Atenção à Condução","Colisão traseira","Sem Vítimas","Pleno dia","Céu Claro","Dupla","Reta","Rural","Automóvel","Condutor","Ileso","Masculino",1,0,0,0,-21.58240015,-43.46596328
207311,461550,2019-05-04 00:00:00.000,"sábado",1899-12-30 19:30:00.000,"MG","40",768,"JUIZ DE FORA","Homem","Falta de Atenção à Condução","Colisão traseira","Sem Vítimas","Pleno dia","Céu Claro","Dupla","Reta","Rural","Automóvel","Condutor","Ileso","Masculino",1,0,0,0,-21.58240015,-43.46596328
208820,463143,2019-05-12 00:00:00.000,"domingo",1899-12-30 03:15:00.000,"MG","40",500,"ESMERALDAS","Homem","Falta de Atenção à Condução","Colisão traseira","Sem Vítimas","Plena Noite","Céu Claro","Dupla","Reta","Urbano","Automóvel","Condutor","Ileso","Masculino",1,0,0,0,-19.70073502,-44.17382703
208820,463142,2019-05-12 00:00:00.000,"domingo",1899-12-30 03:15:00.000,"MG","40",500,"ESMERALDAS","Homem","Falta de Atenção à Condução","Colisão traseira","Sem Vítimas","Plena Noite","Céu Claro","Dupla","Reta","Urbano","Automóvel","Condutor","Ileso","Masculino",1,0,0,0,-19.70073502,-44.17382703
215547,478400,2019-06-14 00:00:00.000,"sexta-feira",1899-12-30 06:44:00.000,"MG","40",523,"CONTAGEM","Homem","Falta de Atenção à Condução","Colisão traseira","Sem Vítimas","Pleno dia","Céu Claro","Dupla","Reta","Urbano","Automóvel","Condutor","Ileso","Masculino",1,0,0,0,-19.86874894,-44.05962197
215547,478398,2019-06-14 00:00:00.000,"sexta-feira",1899-12-30 06:44:00.000,"MG","40",523,"CONTAGEM","Homem","Falta de Atenção à Condução","Colisão traseira","Sem Vítimas","Pleno dia","Céu Claro","Dupla","Reta","Urbano","Automóvel","Condutor","Ileso","Masculino",1,0,0,0,-19.86874894,-44.05962197
215547,478394,2019-06-14 00:00:00.000,"sexta-feira",1899-12-30 06:44:00.000,"MG","40",523,"CONTAGEM","Homem","Falta de Atenção à Condução","Colisão traseira","Sem Vítimas","Pleno dia","Céu Claro","Dupla","Reta","Urbano","Automóvel","Condutor","Ileso","Masculino",1,0,0,0,-19.86874894,-44.05962197
247022,549917,2019-11-03 00:00:00.000,"domingo",1899-12-30 21:00:00.000,"MG","40",504,"ESMERALDAS","Homem","Falta de Atenção à Condução","Colisão traseira","Sem Vítimas","Plena Noite","Céu Claro","Dupla","Reta","Rural","Automóvel","Condutor","Ileso","Masculino",1,0,0,0,-19.72987888,-44.15253368
255997,568443,2019-12-14 00:00:00.000,"sábado",1899-12-30 12:10:00.000,"MG","40",511,"RIBEIRAO DAS NEVES","Homem","Falta de Atenção à Condução","Colisão traseira","Sem Vítimas","Pleno dia","Céu Claro","Dupla","Reta","Urbano","Automóvel","Condutor","Ileso","Masculino",1,0,0,0,-19.78164295,-44.11733194
259582,580694,2019-12-29 00:00:00.000,"domingo",1899-12-30 22:35:00.000,"MG","40",476,"SETE LAGOAS","Homem","Falta de Atenção à Condução","Colisão traseira","Sem Vítimas","Plena Noite","Céu Claro","Dupla","Reta","Rural","Automóvel","Condutor","Ileso","Masculino",1,0,0,0,-19.51363098,-44.27021397
259582,580693,2019-12-29 00:00:00.000,"domingo",1899-12-30 22:35:00.000,"MG","40",476,"SETE LAGOAS","Homem","Falta de Atenção à Condução","Colisão traseira","Sem Vítimas","Plena Noite","Céu Claro","Dupla","Reta","Rural","Automóvel","Condutor","Ileso","Masculino",1,0,0,0,-19.51363098,-44.27021397
312480,695552,2020-10-06 00:00:00.000,"terça-feira",1899-12-30 00:15:00.000,"MG","40",714,"BARBACENA","Homem","Falta de Atenção à Condução","Colisão traseira","Sem Vítimas","Plena Noite","Céu Claro","Simples","Reta","Rural","Automóvel","Condutor","Ileso","Masculino",1,0,0,0,-21.24829882,-43.67987366
312480,695551,2020-10-06 00:00:00.000,"terça-feira",1899-12-30 00:15:00.000,"MG","40",714,"BARBACENA","Homem","Falta de Atenção à Condução","Colisão traseira","Sem Vítimas","Plena Noite","Céu Claro","Simples","Reta","Rural","Automóvel","Condutor","Ileso","Masculino",1,0,0,0,-21.24829882,-43.67987366
319502,710301,2020-11-06 00:00:00.000,"sexta-feira",1899-12-30 14:15:00.000,"MG","40",599,"OURO PRETO","Homem","Falta de Atenção à Condução","Colisão traseira","Com Vítimas Fatais","Pleno dia","Céu Claro","Simples","Reta","Rural","Automóvel","Condutor","Ileso","Masculino",1,0,0,0,-20.42264639,-43.87103002
319502,710299,2020-11-06 00:00:00.000,"sexta-feira",1899-12-30 14:15:00.000,"MG","40",599,"OURO PRETO","Homem","Falta de Atenção à Condução","Colisão traseira","Com Vítimas Fatais","Pleno dia","Céu Claro","Simples","Reta","Rural","Automóvel","Condutor","Ileso","Masculino",1,0,0,0,-20.42264639,-43.87103002
322665,717183,2020-11-20 00:00:00.000,"sexta-feira",1899-12-30 17:20:00.000,"MG","40",523,"CONTAGEM","Homem","Falta de Atenção à Condução","Colisão traseira","Sem Vítimas","Anoitecer","Céu Claro","Dupla","Reta","Urbano","Automóvel","Condutor","Ileso","Masculino",1,0,0,0,-19.86874894,-44.05962197
322665,717188,2020-11-20 00:00:00.000,"sexta-feira",1899-12-30 17:20:00.000,"MG","40",523,"CONTAGEM","Homem","Falta de Atenção à Condução","Colisão traseira","Sem Vítimas","Anoitecer","Céu Claro","Dupla","Reta","Urbano","Automóvel","Condutor","Ileso","Masculino",1,0,0,0,-19.86874894,-44.05962197
322665,717185,2020-11-20 00:00:00.000,"sexta-feira",1899-12-30 17:20:00.000,"MG","40",523,"CONTAGEM","Homem","Falta de Atenção à Condução","Colisão traseira","Sem Vítimas","Anoitecer","Céu Claro","Dupla","Reta","Urbano","Automóvel","Condutor","Ileso","Masculino",1,0,0,0,-19.86874894,-44.05962197
2024,6315,2017-01-08 00:00:00.000,"domingo",1899-12-30 08:10:00.000,"MG","381",870,"POUSO ALEGRE","Homem","Falta de Atenção à Condução","Colisão traseira","Com Vítimas Fatais","Pleno dia","Céu Claro","Dupla","Reta","Urbano","Automóvel","Condutor","Ileso","Masculino",1,0,0,0,-22.39117286,-45.95479508
8111,19219,2017-01-31 00:00:00.000,"terça-feira",1899-12-30 09:50:00.000,"MG","381",342,"JOAO MONLEVADE","Homem","Falta de Atenção à Condução","Colisão traseira","Sem Vítimas","Pleno dia","Céu Claro","Simples","Reta","Rural","Automóvel","Condutor","Ileso","Masculino",1,0,0,0,-19.82381923,-43.08004937
8111,19218,2017-01-31 00:00:00.000,"terça-feira",1899-12-30 09:50:00.000,"MG","381",342,"JOAO MONLEVADE","Homem","Falta de Atenção à Condução","Colisão traseira","Sem Vítimas","Pleno dia","Céu Claro","Simples","Reta","Rural","Automóvel","Condutor","Ileso","Masculino",1,0,0,0,-19.82381923,-43.08004937
10461,23069,2017-02-09 00:00:00.000,"quinta-feira",1899-12-30 07:45:00.000,"MG","381",870,"POUSO ALEGRE","Homem","Falta de Atenção à Condução","Colisão traseira","Sem Vítimas","Pleno dia","Céu Claro","Dupla","Reta","Urbano","Automóvel","Condutor","Ileso","Masculino",1,0,0,0,-22.39045892,-45.95425023
25233,56516,2017-04-03 00:00:00.000,"segunda-feira",1899-12-30 21:30:00.000,"MG","381",486,"BETIM","Homem","Falta de Atenção à Condução","Colisão traseira","Com Vítimas Fatais","Plena Noite","Céu Claro","Dupla","Reta","Urbano","Automóvel","Condutor","Ileso","Masculino",1,0,0,0,-19.95586004,-44.10821951
32984,70626,2017-04-29 00:00:00.000,"sábado",1899-12-30 07:15:00.000,"MG","381",790,"SAO GONCALO DO SAPUCAI","Homem","Falta de Atenção à Condução","Colisão traseira","Sem Vítimas","Pleno dia","Céu Claro","Dupla","Reta","Rural","Automóvel","Condutor","Ileso","Masculino",1,0,0,0,-21.8882,-45.5463
32984,70616,2017-04-29 00:00:00.000,"sábado",1899-12-30 07:15:00.000,"MG","381",790,"SAO GONCALO DO SAPUCAI","Homem","Falta de Atenção à Condução","Colisão traseira","Sem Vítimas","Pleno dia","Céu Claro","Dupla","Reta","Rural","Automóvel","Condutor","Ileso","Masculino",1,0,0,0,-21.8882,-45.5463
42486,90798,2017-06-02 00:00:00.000,"sexta-feira",1899-12-30 08:00:00.000,"MG","381",487,"BETIM","Homem","Falta de Atenção à Condução","Colisão traseira","Sem Vítimas","Pleno dia","Céu Claro","Múltipla","Reta","Urbano","Automóvel","Condutor","Ileso","Masculino",1,0,0,0,-19.9553,-44.1155
42486,90800,2017-06-02 00:00:00.000,"sexta-feira",1899-12-30 08:00:00.000,"MG","381",487,"BETIM","Homem","Falta de Atenção à Condução","Colisão traseira","Sem Vítimas","Pleno dia","Céu Claro","Múltipla","Reta","Urbano","Automóvel","Condutor","Ileso","Masculino",1,0,0,0,-19.9553,-44.1155
43396,93458,2017-06-05 00:00:00.000,"segunda-feira",1899-12-30 06:55:00.000,"MG","381",491,"BETIM","Homem","Falta de Atenção à Condução","Colisão traseira","Com Vítimas Fatais","Amanhecer","Céu Claro","Dupla","Reta","Urbano","Automóvel","Condutor","Ileso","Masculino",1,0,0,0,-19.95778981,-44.15263959
47257,100710,2017-06-18 00:00:00.000,"domingo",1899-12-30 19:20:00.000,"MG","381",485,"BETIM","Homem","Falta de Atenção à Condução","Colisão traseira","Sem Vítimas","Plena Noite","Céu Claro","Dupla","Reta","Urbano","Automóvel","Condutor","Ileso","Masculino",1,0,0,0,-19.95583988,-44.10231707
51366,109768,2017-07-03 00:00:00.000,"segunda-feira",1899-12-30 16:25:00.000,"MG","381",597,"CARMOPOLIS DE MINAS","Homem","Falta de Atenção à Condução","Colisão traseira","Sem Vítimas","Pleno dia","Céu Claro","Dupla","Reta","Rural","Automóvel","Condutor","Ileso","Masculino",1,0,0,0,-20.59166,-44.7015
51366,109778,2017-07-03 00:00:00.000,"segunda-feira",1899-12-30 16:25:00.000,"MG","381",597,"CARMOPOLIS DE MINAS","Homem","Falta de Atenção à Condução","Colisão traseira","Sem Vítimas","Pleno dia","Céu Claro","Dupla","Reta","Rural","Automóvel","Condutor","Ileso","Masculino",1,0,0,0,-20.59166,-44.7015
53327,114170,2017-07-10 00:00:00.000,"segunda-feira",1899-12-30 16:30:00.000,"MG","381",537,"ITATIAIUCU","Homem","Falta de Atenção à Condução","Colisão traseira","Sem Vítimas","Pleno dia","Céu Claro","Dupla","Reta","Rural","Automóvel","Condutor","Ileso","Masculino",1,0,0,0,-20.20559,-44.38928
57845,124541,2017-07-28 00:00:00.000,"sexta-feira",1899-12-30 20:00:00.000,"MG","381",547,"ITAGUARA","Homem","Falta de Atenção à Condução","Colisão traseira","Sem Vítimas","Plena Noite","Céu Claro","Dupla","Reta","Rural","Automóvel","Condutor","Ileso","Masculino",1,0,0,0,-20.27913,-44.428740000000012
57845,124539,2017-07-28 00:00:00.000,"sexta-feira",1899-12-30 20:00:00.000,"MG","381",547,"ITAGUARA","Homem","Falta de Atenção à Condução","Colisão traseira","Sem Vítimas","Plena Noite","Céu Claro","Dupla","Reta","Rural","Automóvel","Condutor","Ileso","Masculino",1,0,0,0,-20.27913,-44.428740000000012
57946,124752,2017-07-29 00:00:00.000,"sábado",1899-12-30 08:02:00.000,"MG","381",846,"POUSO ALEGRE","Homem","Falta de Atenção à Condução","Colisão traseira","Sem Vítimas","Pleno dia","Céu Claro","Dupla","Reta","Rural","Automóvel","Condutor","Ileso","Masculino",1,0,0,0,-22.20827,-45.86478
75809,165058,2017-10-05 00:00:00.000,"quinta-feira",1899-12-30 19:15:00.000,"MG","381",948,"EXTREMA","Homem","Falta de Atenção à Condução","Colisão traseira","Sem Vítimas","Plena Noite","Céu Claro","Dupla","Reta","Urbano","Automóvel","Condutor","Ileso","Masculino",1,0,0,0,-22.87384,-46.3644
94147,205279,2017-12-13 00:00:00.000,"quarta-feira",1899-12-30 18:30:00.000,"MG","381",479,"CONTAGEM","Homem","Falta de Atenção à Condução","Colisão traseira","Sem Vítimas","Pleno dia","Céu Claro","Dupla","Reta","Urbano","Automóvel","Condutor","Ileso","Masculino",1,0,0,0,-19.961,-44.0517
102694,225068,2018-01-11 00:00:00.000,"quinta-feira",1899-12-30 15:00:00.000,"MG","381",313,"NOVA ERA","Homem","Falta de Atenção à Condução","Colisão traseira","Sem Vítimas","Pleno dia","Céu Claro","Simples","Reta","Rural","Automóvel","Condutor","Ileso","Masculino",1,0,0,0,-19.65611689,-42.95825154
106855,232477,2018-01-28 00:00:00.000,"domingo",1899-12-30 16:40:00.000,"MG","381",292,"ANTONIO DIAS","Homem","Falta de Atenção à Condução","Colisão traseira","Sem Vítimas","Pleno dia","Céu Claro","Simples","Reta","Rural","Automóvel","Condutor","Ileso","Masculino",1,0,0,0,-19.61795087,-42.79647946
106855,232472,2018-01-28 00:00:00.000,"domingo",1899-12-30 16:40:00.000,"MG","381",292,"ANTONIO DIAS","Homem","Falta de Atenção à Condução","Colisão traseira","Sem Vítimas","Pleno dia","Céu Claro","Simples","Reta","Rural","Automóvel","Condutor","Ileso","Masculino",1,0,0,0,-19.61795087,-42.79647946
109716,241041,2018-02-08 00:00:00.000,"quinta-feira",1899-12-30 18:00:00.000,"MG","381",247,"SANTANA DO PARAISO","Homem","Falta de Atenção à Condução","Colisão traseira","Com Vítimas Fatais","Pleno dia","Céu Claro","Simples","Reta","Rural","Automóvel","Condutor","Ileso","Masculino",1,0,0,0,-19.44979958,-42.51664996
122023,267776,2018-03-29 00:00:00.000,"quinta-feira",1899-12-30 22:10:00.000,"MG","381",821,"CAREACU","Homem","Falta de Atenção à Condução","Colisão traseira","Sem Vítimas","Plena Noite","Céu Claro","Dupla","Reta","Rural","Automóvel","Condutor","Ileso","Masculino",1,0,0,0,-22.0854,-45.7026
132451,286309,2018-05-06 00:00:00.000,"domingo",1899-12-30 19:00:00.000,"MG","381",500,"BETIM","Homem","Falta de Atenção à Condução","Colisão traseira","Sem Vítimas","Plena Noite","Céu Claro","Dupla","Reta","Urbano","Automóvel","Condutor","Ileso","Masculino",1,0,0,0,-20.002554,-44.21196
160360,352740,2018-09-18 00:00:00.000,"terça-feira",1899-12-30 21:30:00.000,"MG","381",914,"CAMANDUCAIA","Homem","Falta de Atenção à Condução","Colisão traseira","Sem Vítimas","Plena Noite","Céu Claro","Dupla","Reta","Rural","Automóvel","Condutor","Ileso","Masculino",1,0,0,0,-22.72186925,-46.13017619
171413,375911,2018-11-13 00:00:00.000,"terça-feira",1899-12-30 14:55:00.000,"MG","381",666,"PERDOES","Homem","Falta de Atenção à Condução","Colisão traseira","Sem Vítimas","Pleno dia","Céu Claro","Dupla","Reta","Rural","Automóvel","Condutor","Ileso","Masculino",1,0,0,0,-21.0528,-45.0159
199018,440610,2019-03-24 00:00:00.000,"domingo",1899-12-30 10:10:00.000,"MG","381",199,"PERIQUITO","Homem","Falta de Atenção à Condução","Colisão traseira","Sem Vítimas","Pleno dia","Céu Claro","Simples","Reta","Rural","Automóvel","Condutor","Ileso","Masculino",1,0,0,0,-19.16696108,-42.24582388
200116,443398,2019-03-30 00:00:00.000,"sábado",1899-12-30 11:50:00.000,"MG","381",489,"BETIM","Homem","Falta de Atenção à Condução","Colisão traseira","Sem Vítimas","Pleno dia","Céu Claro","Simples","Reta","Urbano","Automóvel","Condutor","Ileso","Masculino",1,0,0,0,-19.96245618,-44.16455495
201580,448546,2019-04-06 00:00:00.000,"sábado",1899-12-30 14:59:00.000,"MG","381",497,"BETIM","Homem","Falta de Atenção à Condução","Colisão traseira","Sem Vítimas","Pleno dia","Céu Claro","Múltipla","Reta","Urbano","Automóvel","Condutor","Ileso","Masculino",1,0,0,0,-20.00483625,-44.21367172
201580,448545,2019-04-06 00:00:00.000,"sábado",1899-12-30 14:59:00.000,"MG","381",497,"BETIM","Homem","Falta de Atenção à Condução","Colisão traseira","Sem Vítimas","Pleno dia","Céu Claro","Múltipla","Reta","Urbano","Automóvel","Condutor","Ileso","Masculino",1,0,0,0,-20.00483625,-44.21367172
204758,454228,2019-04-21 00:00:00.000,"domingo",1899-12-30 18:15:00.000,"MG","381",550,"ITAGUARA","Homem","Falta de Atenção à Condução","Colisão traseira","Sem Vítimas","Anoitecer","Céu Claro","Dupla","Reta","Rural","Automóvel","Condutor","Ileso","Masculino",1,0,0,0,-20.32661215,-44.45627931
215242,477522,2019-06-12 00:00:00.000,"quarta-feira",1899-12-30 17:15:00.000,"MG","381",499,"BETIM","Homem","Falta de Atenção à Condução","Colisão traseira","Sem Vítimas","Anoitecer","Céu Claro","Múltipla","Reta","Urbano","Automóvel","Condutor","Ileso","Masculino",1,0,0,0,-20.01792651,-44.2261448
218239,486221,2019-06-27 00:00:00.000,"quinta-feira",1899-12-30 00:40:00.000,"MG","381",859,"POUSO ALEGRE","Homem","Falta de Atenção à Condução","Colisão traseira","Sem Vítimas","Plena Noite","Céu Claro","Dupla","Reta","Rural","Automóvel","Condutor","Ileso","Masculino",1,0,0,0,-22.35094091,-45.92749223
218239,486217,2019-06-27 00:00:00.000,"quinta-feira",1899-12-30 00:40:00.000,"MG","381",859,"POUSO ALEGRE","Homem","Falta de Atenção à Condução","Colisão traseira","Sem Vítimas","Plena Noite","Céu Claro","Dupla","Reta","Rural","Automóvel","Condutor","Ileso","Masculino",1,0,0,0,-22.35094091,-45.92749223
222249,493724,2019-06-28 00:00:00.000,"sexta-feira",1899-12-30 15:50:00.000,"MG","381",502,"BETIM","Homem","Falta de Atenção à Condução","Colisão traseira","Sem Vítimas","Pleno dia","Céu Claro","Dupla","Reta","Rural","Automóvel","Condutor","Ileso","Masculino",1,0,0,0,-20.00823766,-44.21663806
224631,501054,2019-07-25 00:00:00.000,"quinta-feira",1899-12-30 22:00:00.000,"MG","381",502,"BETIM","Homem","Falta de Atenção à Condução","Colisão traseira","Sem Vítimas","Plena Noite","Céu Claro","Dupla","Reta","Urbano","Automóvel","Condutor","Ileso","Masculino",1,0,0,0,-20.03619694,-44.24586303
233825,519894,2019-09-07 00:00:00.000,"sábado",1899-12-30 11:00:00.000,"MG","381",452,"SABARA","Homem","Falta de Atenção à Condução","Colisão traseira","Sem Vítimas","Pleno dia","Céu Claro","Simples","Reta","Rural","Automóvel","Condutor","Ileso","Masculino",1,0,0,0,-19.84339604,-43.88596993
233825,519892,2019-09-07 00:00:00.000,"sábado",1899-12-30 11:00:00.000,"MG","381",452,"SABARA","Homem","Falta de Atenção à Condução","Colisão traseira","Sem Vítimas","Pleno dia","Céu Claro","Simples","Reta","Rural","Automóvel","Condutor","Ileso","Masculino",1,0,0,0,-19.84339604,-43.88596993
233825,519891,2019-09-07 00:00:00.000,"sábado",1899-12-30 11:00:00.000,"MG","381",452,"SABARA","Homem","Falta de Atenção à Condução","Colisão traseira","Sem Vítimas","Pleno dia","Céu Claro","Simples","Reta","Rural","Automóvel","Condutor","Ileso","Masculino",1,0,0,0,-19.84339604,-43.88596993
240923,534972,2019-10-07 00:00:00.000,"segunda-feira",1899-12-30 22:10:00.000,"MG","381",450,"SABARA","Homem","Falta de Atenção à Condução","Colisão traseira","Sem Vítimas","Plena Noite","Céu Claro","Simples","Reta","Rural","Automóvel","Condutor","Ileso","Masculino",1,0,0,0,-19.82820561,-43.83945107
274969,613561,2020-03-12 00:00:00.000,"quinta-feira",1899-12-30 22:00:00.000,"MG","381",487,"BETIM","Homem","Falta de Atenção à Condução","Colisão traseira","Sem Vítimas","Plena Noite","Céu Claro","Múltipla","Reta","Urbano","Automóvel","Condutor","Ileso","Masculino",1,0,0,0,-19.95586853,-44.14609501
308963,688535,2020-09-19 00:00:00.000,"sábado",1899-12-30 20:45:00.000,"MG","381",490,"BETIM","Homem","Falta de Atenção à Condução","Colisão traseira","Sem Vítimas","Anoitecer","Céu Claro","Dupla","Reta","Urbano","Automóvel","Condutor","Ileso","Masculino",1,0,0,0,-19.96426328,-44.17145491
314976,702180,2020-10-15 00:00:00.000,"quinta-feira",1899-12-30 17:40:00.000,"MG","381",491,"BETIM","Homem","Falta de Atenção à Condução","Colisão traseira","Sem Vítimas","Anoitecer","Céu Claro","Dupla","Reta","Urbano","Automóvel","Condutor","Ileso","Masculino",1,0,0,0,-19.96144979,-44.16164875
314976,702181,2020-10-15 00:00:00.000,"quinta-feira",1899-12-30 17:40:00.000,"MG","381",491,"BETIM","Homem","Falta de Atenção à Condução","Colisão traseira","Sem Vítimas","Anoitecer","Céu Claro","Dupla","Reta","Urbano","Automóvel","Condutor","Ileso","Masculino",1,0,0,0,-19.96144979,-44.16164875