id,pesid,data_inversa,dia_semana,horario,uf,br,km,municipio,elemento_transito,causa_acidente,tipo_acidente,classificacao_acidente,fase_dia,condicao_metereologica,tipo_pista,tracado_via,uso_solo,tipo_veiculo,tipo_envolvido,estado_fisico,sexo,ilesos,feridos_leves,feridos_graves,mortos,latitude,longitude
250784,556755,2019-11-20 00:00:00.000,"quarta-feira",1899-12-30 17:45:00.000,"MG","365",618,"UBERLANDIA","Homem","Falta de Atenção à Condução","Colisão traseira","Com Vítimas Feridas","Pleno dia","Céu Claro","Dupla","Reta","Urbano","Automóvel","Condutor","Ileso","Masculino",1,0,0,0,-18.89096479,-48.27070632
251327,557917,2019-11-23 00:00:00.000,"sábado",1899-12-30 08:00:00.000,"MG","365",618,"UBERLANDIA","Homem","Falta de Atenção à Condução","Colisão traseira","Com Vítimas Feridas","Pleno dia","Céu Claro","Dupla","Reta","Urbano","Automóvel","Condutor","Ileso","Masculino",1,0,0,0,-18.89816629,-48.24422836
256189,568690,2019-08-08 00:00:00.000,"quinta-feira",1899-12-30 17:20:00.000,"MG","365",626,"UBERLANDIA","Homem","Falta de Atenção à Condução","Colisão traseira","Com Vítimas Feridas","Pleno dia","Céu Claro","Dupla","Reta","Urbano","Automóvel","Condutor","Ileso","Masculino",1,0,0,0,-18.90659356,-48.33469405
256189,568689,2019-08-08 00:00:00.000,"quinta-feira",1899-12-30 17:20:00.000,"MG","365",626,"UBERLANDIA","Homem","Falta de Atenção à Condução","Colisão traseira","Com Vítimas Feridas","Pleno dia","Céu Claro","Dupla","Reta","Urbano","Automóvel","Condutor","Ileso","Masculino",1,0,0,0,-18.90659356,-48.33469405
271879,606313,2020-02-26 00:00:00.000,"quarta-feira",1899-12-30 12:40:00.000,"MG","50",185,"UBERABA","Homem","Falta de Atenção à Condução","Colisão traseira","Com Vítimas Feridas","Pleno dia","Céu Claro","Dupla","Reta","Rural","Automóvel","Condutor","Ileso","Masculino",1,0,0,0,-19.8172798,-47.89559069
272641,608200,2020-03-01 00:00:00.000,"domingo",1899-12-30 17:55:00.000,"MG","50",180,"UBERABA","Homem","Falta de Atenção à Condução","Colisão traseira","Com Vítimas Feridas","Pleno dia","Céu Claro","Dupla","Reta","Rural","Automóvel","Condutor","Ileso","Masculino",1,0,0,0,-19.777079,-47.923266
275060,613845,2020-03-13 00:00:00.000,"sexta-feira",1899-12-30 11:20:00.000,"MG","365",2,"MONTES CLAROS","Homem","Falta de Atenção à Condução","Colisão traseira","Com Vítimas Feridas","Pleno dia","Céu Claro","Simples","Reta","Rural","Automóvel","Condutor","Ileso","Masculino",1,0,0,0,-16.786731200000002,-43.89178071
280918,627718,2020-04-22 00:00:00.000,"quarta-feira",1899-12-30 11:15:00.000,"MG","365",427,"PATOS DE MINAS","Homem","Falta de Atenção à Condução","Colisão traseira","Com Vítimas Feridas","Pleno dia","Céu Claro","Dupla","Reta","Rural","Automóvel","Condutor","Ileso","Masculino",1,0,0,0,-18.74966665,-46.641004200000012
285211,637242,2020-05-19 00:00:00.000,"terça-feira",1899-12-30 06:45:00.000,"MG","50",72,"UBERLANDIA","Homem","Falta de Atenção à Condução","Colisão traseira","Com Vítimas Feridas","Pleno dia","Céu Claro","Dupla","Reta","Urbano","Automóvel","Condutor","Ileso","Masculino",1,0,0,0,-18.85140204,-48.25345932
287441,641382,2020-05-31 00:00:00.000,"domingo",1899-12-30 14:30:00.000,"MG","116",482,"DOM CAVATI","Homem","Falta de Atenção à Condução","Colisão traseira","Com Vítimas Feridas","Pleno dia","Céu Claro","Simples","Reta","Urbano","Automóvel","Condutor","Ileso","Masculino",1,0,0,0,-19.41146103,-42.11788982
287441,641380,2020-05-31 00:00:00.000,"domingo",1899-12-30 14:30:00.000,"MG","116",482,"DOM CAVATI","Homem","Falta de Atenção à Condução","Colisão traseira","Com Vítimas Feridas","Pleno dia","Céu Claro","Simples","Reta","Urbano","Automóvel","Condutor","Ileso","Masculino",1,0,0,0,-19.41146103,-42.11788982
291081,648425,2020-06-20 00:00:00.000,"sábado",1899-12-30 11:20:00.000,"MG","116",481,"DOM CAVATI","Homem","Falta de Atenção à Condução","Colisão traseira","Com Vítimas Feridas","Pleno dia","Céu Claro","Simples","Reta","Urbano","Automóvel","Condutor","Ileso","Masculino",1,0,0,0,-19.40270706,-42.11572072
294184,654478,2020-07-08 00:00:00.000,"quarta-feira",1899-12-30 07:49:00.000,"MG","50",179,"UBERABA","Homem","Falta de Atenção à Condução","Colisão traseira","Com Vítimas Feridas","Pleno dia","Céu Claro","Dupla","Reta","Urbano","Automóvel","Condutor","Ileso","Masculino",1,0,0,0,-19.77827047,-47.93140998
295816,657740,2020-07-17 00:00:00.000,"sexta-feira",1899-12-30 07:30:00.000,"MG","50",206,"DELTA","Homem","Falta de Atenção à Condução","Colisão traseira","Com Vítimas Feridas","Pleno dia","Céu Claro","Dupla","Reta","Rural","Automóvel","Condutor","Ileso","Masculino",1,0,0,0,-19.92627147,-47.82191068
312492,695716,2020-10-06 00:00:00.000,"terça-feira",1899-12-30 06:40:00.000,"MG","50",76,"UBERLANDIA","Homem","Falta de Atenção à Condução","Colisão traseira","Com Vítimas Feridas","Pleno dia","Céu Claro","Dupla","Reta","Urbano","Automóvel","Condutor","Ileso","Masculino",1,0,0,0,-18.986906,-48.211853000000012
313196,696302,2020-10-09 00:00:00.000,"sexta-feira",1899-12-30 16:40:00.000,"MG","50",175,"UBERABA","Homem","Falta de Atenção à Condução","Colisão traseira","Com Vítimas Feridas","Pleno dia","Céu Claro","Dupla","Reta","Urbano","Automóvel","Condutor","Ileso","Masculino",1,0,0,0,-19.77880359,-47.9695118
313437,699166,2020-10-10 00:00:00.000,"sábado",1899-12-30 11:35:00.000,"MG","365",614,"UBERLANDIA","Homem","Falta de Atenção à Condução","Colisão traseira","Com Vítimas Feridas","Pleno dia","Céu Claro","Dupla","Reta","Rural","Automóvel","Condutor","Ileso","Masculino",1,0,0,0,-18.937647100000003,-48.21413398
319305,709832,2020-11-05 00:00:00.000,"quinta-feira",1899-12-30 13:15:00.000,"MG","50",137,"UBERABA","Homem","Falta de Atenção à Condução","Colisão traseira","Com Vítimas Feridas","Pleno dia","Céu Claro","Dupla","Reta","Rural","Automóvel","Condutor","Ileso","Masculino",1,0,0,0,-19.45056192,-48.06142574
320553,714280,2020-11-11 00:00:00.000,"quarta-feira",1899-12-30 07:00:00.000,"MG","365",628,"UBERLANDIA","Homem","Falta de Atenção à Condução","Colisão traseira","Com Vítimas Feridas","Pleno dia","Céu Claro","Dupla","Reta","Urbano","Automóvel","Condutor","Ileso","Masculino",1,0,0,0,-18.90573839,-48.32551003
328,823,2017-01-01 00:00:00.000,"domingo",1899-12-30 20:30:00.000,"MG","116",623,"MANHUACU","Homem","Falta de Atenção à Condução","Colisão traseira","Com Vítimas Feridas","Plena Noite","Céu Claro","Simples","Reta","Rural","Automóvel","Condutor","Ileso","Feminino",1,0,0,0,-20.20839086,-42.1820417
2683,6931,2017-01-10 00:00:00.000,"terça-feira",1899-12-30 16:40:00.000,"MG","381",593,"CARMOPOLIS DE MINAS","Homem","Falta de Atenção à Condução","Colisão traseira","Com Vítimas Feridas","Pleno dia","Céu Claro","Dupla","Reta","Rural","Automóvel","Condutor","Ileso","Feminino",1,0,0,0,-20.56638499,-44.67227608
3553,9676,2017-01-13 00:00:00.000,"sexta-feira",1899-12-30 22:50:00.000,"MG","116",426,"ALPERCATA","Homem","Falta de Atenção à Condução","Colisão traseira","Com Vítimas Feridas","Plena Noite","Céu Claro","Simples","Reta","Rural","Automóvel","Condutor","Ileso","Feminino",1,0,0,0,-18.96720291,-41.97407156
13893,30981,2017-02-21 00:00:00.000,"terça-feira",1899-12-30 21:00:00.000,"MG","40",513,"RIBEIRAO DAS NEVES","Homem","Falta de Atenção à Condução","Colisão traseira","Com Vítimas Feridas","Plena Noite","Céu Claro","Dupla","Reta","Urbano","Automóvel","Condutor","Ileso","Feminino",1,0,0,0,-19.7985,-44.1051
14953,32288,2017-02-25 00:00:00.000,"sábado",1899-12-30 09:10:00.000,"MG","40",555,"NOVA LIMA","Homem","Falta de Atenção à Condução","Colisão traseira","Com Vítimas Feridas","Pleno dia","Céu Claro","Dupla","Reta","Urbano","Automóvel","Condutor","Ileso","Feminino",1,0,0,0,-20.08291951,-43.97836125
42664,91079,2017-06-02 00:00:00.000,"sexta-feira",1899-12-30 18:35:00.000,"MG","381",493,"BETIM","Homem","Falta de Atenção à Condução","Colisão traseira","Com Vítimas Feridas","Plena Noite","Céu Claro","Dupla","Reta","Urbano","Automóvel","Condutor","Ileso","Feminino",1,0,0,0,-19.96423807,-44.1706717
53308,116351,2017-07-10 00:00:00.000,"segunda-feira",1899-12-30 15:25:00.000,"MG","40",532,"BELO HORIZONTE","Homem","Falta de Atenção à Condução","Colisão traseira","Com Vítimas Feridas","Pleno dia","Céu Claro","Dupla","Reta","Urbano","Automóvel","Condutor","Ileso","Feminino",1,0,0,0,-19.9248,-44.0138
59338,130010,2017-08-03 00:00:00.000,"quinta-feira",1899-12-30 21:00:00.000,"MG","267",213,"BOM JARDIM DE MINAS","Homem","Falta de Atenção à Condução","Colisão traseira","Com Vítimas Feridas","Plena Noite","Céu Claro","Simples","Reta","Rural","Automóvel","Condutor","Ileso","Feminino",1,0,0,0,-21.93614,-44.19785
59826,129061,2017-08-05 00:00:00.000,"sábado",1899-12-30 18:00:00.000,"MG","262",811,"UBERABA","Homem","Falta de Atenção à Condução","Colisão traseira","Com Vítimas Feridas","Plena Noite","Céu Claro","Dupla","Reta","Urbano","Automóvel","Condutor","Ileso","Feminino",1,0,0,0,-19.76664,-47.98968
60929,131613,2017-08-10 00:00:00.000,"quinta-feira",1899-12-30 12:00:00.000,"MG","40",560,"NOVA LIMA","Homem","Falta de Atenção à Condução","Colisão traseira","Com Vítimas Feridas","Pleno dia","Céu Claro","Dupla","Reta","Urbano","Automóvel","Condutor","Ileso","Feminino",1,0,0,0,-20.14322,-43.96033
63665,137484,2017-08-20 00:00:00.000,"domingo",1899-12-30 10:15:00.000,"MG","40",424,"CURVELO","Homem","Falta de Atenção à Condução","Colisão traseira","Com Vítimas Feridas","Pleno dia","Céu Claro","Dupla","Reta","Rural","Automóvel","Condutor","Ileso","Feminino",1,0,0,0,-19.16205,-44.5234
75466,165220,2017-10-04 00:00:00.000,"quarta-feira",1899-12-30 13:20:00.000,"MG","50",75,"UBERLANDIA","Homem","Falta de Atenção à Condução","Colisão traseira","Com Vítimas Feridas","Pleno dia","Céu Claro","Dupla","Reta","Urbano","Automóvel","Condutor","Ileso","Feminino",1,0,0,0,-18.9187,-48.2226
75983,163850,2017-09-24 00:00:00.000,"domingo",1899-12-30 21:50:00.000,"MG","40",521,"CONTAGEM","Homem","Falta de Atenção à Condução","Colisão traseira","Com Vítimas Feridas","Plena Noite","Céu Claro","Dupla","Reta","Rural","Automóvel","Condutor","Ileso","Feminino",1,0,0,0,-19.8602,-44.0715
82675,178378,2017-10-31 00:00:00.000,"terça-feira",1899-12-30 17:50:00.000,"MG","50",70,"UBERLANDIA","Homem","Falta de Atenção à Condução","Colisão traseira","Com Vítimas Feridas","Pleno dia","Céu Claro","Dupla","Reta","Urbano","Automóvel","Condutor","Ileso","Feminino",1,0,0,0,-18.88599,-48.2637
83660,180545,2017-11-05 00:00:00.000,"domingo",1899-12-30 00:01:00.000,"MG","381",499,"BETIM","Homem","Falta de Atenção à Condução","Colisão traseira","Com Vítimas Feridas","Plena Noite","Céu Claro","Múltipla","Reta","Rural","Automóvel","Condutor","Ileso","Feminino",1,0,0,0,-20.00075,-44.21131
86209,185844,2017-11-14 00:00:00.000,"terça-feira",1899-12-30 21:35:00.000,"MG","381",497,"BETIM","Homem","Falta de Atenção à Condução","Colisão traseira","Com Vítimas Feridas","Plena Noite","Céu Claro","Dupla","Reta","Rural","Automóvel","Condutor","Ileso","Feminino",1,0,0,0,-19.98349,-44.16554
86902,189422,2017-11-17 00:00:00.000,"sexta-feira",1899-12-30 15:40:00.000,"MG","262",41,"MANHUACU","Homem","Falta de Atenção à Condução","Colisão traseira","Com Vítimas Feridas","Pleno dia","Céu Claro","Simples","Reta","Rural","Automóvel","Condutor","Ileso","Feminino",1,0,0,0,-20.26681,-42.07488
109861,239180,2017-07-12 00:00:00.000,"quarta-feira",1899-12-30 17:10:00.000,"MG","40",728,"OLIVEIRA FORTES","Homem","Falta de Atenção à Condução","Colisão traseira","Com Vítimas Feridas","Pleno dia","Céu Claro","Dupla","Reta","Rural","Automóvel","Condutor","Ileso","Feminino",1,0,0,0,-21.343020000000006,-43.58724
113386,247050,2017-11-27 00:00:00.000,"segunda-feira",1899-12-30 16:00:00.000,"MG","116",410,"GOVERNADOR VALADARES","Homem","Falta de Atenção à Condução","Colisão traseira","Com Vítimas Feridas","Pleno dia","Céu Claro","Múltipla","Reta","Urbano","Automóvel","Condutor","Ileso","Feminino",1,0,0,0,-18.8513,-41.97807
101254,223810,2018-01-05 00:00:00.000,"sexta-feira",1899-12-30 18:40:00.000,"MG","40",532,"BELO HORIZONTE","Homem","Falta de Atenção à Condução","Colisão traseira","Com Vítimas Feridas","Anoitecer","Céu Claro","Dupla","Reta","Urbano","Automóvel","Condutor","Ileso","Feminino",1,0,0,0,-19.9256,-44.0053
103540,224959,2018-01-14 00:00:00.000,"domingo",1899-12-30 17:00:00.000,"MG","40",633,"CONSELHEIRO LAFAIETE","Homem","Falta de Atenção à Condução","Colisão traseira","Com Vítimas Feridas","Pleno dia","Céu Claro","Simples","Reta","Urbano","Automóvel","Condutor","Ileso","Feminino",1,0,0,0,-20.68677337,-43.79163802
104418,227272,2018-01-18 00:00:00.000,"quinta-feira",1899-12-30 17:40:00.000,"MG","40",532,"CONTAGEM","Homem","Falta de Atenção à Condução","Colisão traseira","Com Vítimas Feridas","Pleno dia","Céu Claro","Dupla","Reta","Urbano","Automóvel","Condutor","Ileso","Feminino",1,0,0,0,-19.9256,-44.0053
129619,281182,2018-04-22 00:00:00.000,"domingo",1899-12-30 18:30:00.000,"MG","50",30,"ARAGUARI","Homem","Falta de Atenção à Condução","Colisão traseira","Com Vítimas Feridas","Plena Noite","Céu Claro","Dupla","Reta","Rural","Automóvel","Condutor","Ileso","Feminino",1,0,0,0,-18.6416,-48.1246
131170,283274,2018-04-30 00:00:00.000,"segunda-feira",1899-12-30 09:45:00.000,"MG","354",740,"POUSO ALTO","Homem","Falta de Atenção à Condução","Colisão traseira","Com Vítimas Feridas","Pleno dia","Céu Claro","Simples","Reta","Rural","Automóvel","Condutor","Ileso","Feminino",1,0,0,0,-22.2562758,-44.934666
131235,285387,2018-04-30 00:00:00.000,"segunda-feira",1899-12-30 17:20:00.000,"MG","40",524,"CONTAGEM","Homem","Falta de Atenção à Condução","Colisão traseira","Com Vítimas Feridas","Pleno dia","Céu Claro","Dupla","Reta","Urbano","Automóvel","Condutor","Ileso","Feminino",1,0,0,0,-19.88118883,-44.05063748
132989,287550,2018-05-09 00:00:00.000,"quarta-feira",1899-12-30 07:45:00.000,"MG","50",58,"UBERLANDIA","Homem","Falta de Atenção à Condução","Colisão traseira","Com Vítimas Feridas","Amanhecer","Céu Claro","Dupla","Reta","Rural","Automóvel","Condutor","Ileso","Feminino",1,0,0,0,-18.805,-48.2407
133120,287781,2018-05-09 00:00:00.000,"quarta-feira",1899-12-30 18:20:00.000,"MG","116",395,"GOVERNADOR VALADARES","Homem","Falta de Atenção à Condução","Colisão traseira","Com Vítimas Feridas","Plena Noite","Céu Claro","Dupla","Reta","Rural","Automóvel","Condutor","Ileso","Feminino",1,0,0,0,-18.721837,-41.989142
133726,289040,2018-05-12 00:00:00.000,"sábado",1899-12-30 12:22:00.000,"MG","40",515,"RIBEIRAO DAS NEVES","Homem","Falta de Atenção à Condução","Colisão traseira","Com Vítimas Feridas","Pleno dia","Céu Claro","Dupla","Reta","Urbano","Automóvel","Condutor","Ileso","Feminino",1,0,0,0,-19.819000000000006,-44.0869
142494,311242,2018-06-25 00:00:00.000,"segunda-feira",1899-12-30 16:20:00.000,"MG","381",479,"CONTAGEM","Homem","Falta de Atenção à Condução","Colisão traseira","Com Vítimas Feridas","Pleno dia","Céu Claro","Dupla","Reta","Urbano","Automóvel","Condutor","Ileso","Feminino",1,0,0,0,-19.961,-44.0517
145538,316367,2018-07-09 00:00:00.000,"segunda-feira",1899-12-30 07:00:00.000,"MG","381",248,"SANTANA DO PARAISO","Homem","Falta de Atenção à Condução","Colisão traseira","Com Vítimas Feridas","Pleno dia","Céu Claro","Simples","Reta","Rural","Automóvel","Condutor","Ileso","Feminino",1,0,0,0,-19.44296063,-42.51294851
149791,327805,2018-07-30 00:00:00.000,"segunda-feira",1899-12-30 06:45:00.000,"MG","40",514,"RIBEIRAO DAS NEVES","Homem","Falta de Atenção à Condução","Colisão traseira","Com Vítimas Feridas","Pleno dia","Céu Claro","Dupla","Reta","Urbano","Automóvel","Condutor","Ileso","Feminino",1,0,0,0,-19.8128,-44.093
149875,328776,2018-07-30 00:00:00.000,"segunda-feira",1899-12-30 14:00:00.000,"MG","381",502,"BETIM","Homem","Falta de Atenção à Condução","Colisão traseira","Com Vítimas Feridas","Pleno dia","Céu Claro","Dupla","Reta","Urbano","Automóvel","Condutor","Ileso","Feminino",1,0,0,0,-20.0236,-44.2299
150001,327173,2018-01-20 00:00:00.000,"sábado",1899-12-30 21:00:00.000,"MG","50",21,"UBERLANDIA","Homem","Falta de Atenção à Condução","Colisão traseira","Com Vítimas Feridas","Plena Noite","Céu Claro","Dupla","Reta","Urbano","Automóvel","Condutor","Ileso","Feminino",1,0,0,0,-18.9113,-48.2622
151733,331415,2018-08-08 00:00:00.000,"quarta-feira",1899-12-30 15:40:00.000,"MG","381",484,"BETIM","Homem","Falta de Atenção à Condução","Colisão traseira","Com Vítimas Feridas","Pleno dia","Céu Claro","Múltipla","Reta","Urbano","Automóvel","Condutor","Ileso","Feminino",1,0,0,0,-19.9557,-44.0964
153238,334736,2018-08-15 00:00:00.000,"quarta-feira",1899-12-30 17:10:00.000,"MG","381",494,"BETIM","Homem","Falta de Atenção à Condução","Colisão traseira","Com Vítimas Feridas","Pleno dia","Céu Claro","Dupla","Reta","Urbano","Automóvel","Condutor","Ileso","Feminino",1,0,0,0,-19.9670747,-44.17973609
153276,334845,2018-08-15 00:00:00.000,"quarta-feira",1899-12-30 21:30:00.000,"MG","365",579,"INDIANOPOLIS","Homem","Falta de Atenção à Condução","Colisão traseira","Com Vítimas Feridas","Plena Noite","Céu Claro","Simples","Reta","Rural","Automóvel","Condutor","Ileso","Feminino",1,0,0,0,-18.880604,-47.933435
165390,362210,2018-10-14 00:00:00.000,"domingo",1899-12-30 13:20:00.000,"MG","381",437,"SABARA","Homem","Falta de Atenção à Condução","Colisão traseira","Com Vítimas Feridas","Pleno dia","Céu Claro","Simples","Reta","Urbano","Automóvel","Condutor","Ileso","Feminino",1,0,0,0,-19.78798797,-43.72941674
172609,378616,2018-11-10 00:00:00.000,"sábado",1899-12-30 08:20:00.000,"MG","381",683,"RIBEIRAO VERMELHO","Homem","Falta de Atenção à Condução","Colisão traseira","Com Vítimas Feridas","Pleno dia","Céu Claro","Dupla","Reta","Rural","Automóvel","Condutor","Ileso","Feminino",1,0,0,0,-21.158,-45.1171
184080,407557,2019-01-08 00:00:00.000,"terça-feira",1899-12-30 18:03:00.000,"MG","262",803,"UBERABA","Homem","Falta de Atenção à Condução","Colisão traseira","Com Vítimas Feridas","Pleno dia","Céu Claro","Dupla","Reta","Urbano","Automóvel","Condutor","Ileso","Feminino",1,0,0,0,-19.77639606,-47.92098999
184888,409218,2019-01-13 00:00:00.000,"domingo",1899-12-30 05:50:00.000,"MG","381",493,"BETIM","Homem","Falta de Atenção à Condução","Colisão traseira","Com Vítimas Feridas","Amanhecer","Céu Claro","Dupla","Reta","Urbano","Automóvel","Condutor","Ileso","Feminino",1,0,0,0,-19.966,-44.1775
185519,409374,2019-01-16 00:00:00.000,"quarta-feira",1899-12-30 08:30:00.000,"MG","40",519,"RIBEIRAO DAS NEVES","Homem","Falta de Atenção à Condução","Colisão traseira","Com Vítimas Feridas","Pleno dia","Céu Claro","Dupla","Reta","Urbano","Automóvel","Condutor","Ileso","Feminino",1,0,0,0,-19.8511,-44.0724
186971,412739,2019-01-23 00:00:00.000,"quarta-feira",1899-12-30 13:15:00.000,"MG","381",477,"CONTAGEM","Homem","Falta de Atenção à Condução","Colisão traseira","Com Vítimas Feridas","Pleno dia","Céu Claro","Dupla","Reta","Urbano","Automóvel","Condutor","Ileso","Feminino",1,0,0,0,-19.9605,-44.0357
188622,418656,2019-02-01 00:00:00.000,"sexta-feira",1899-12-30 09:13:00.000,"MG","381",495,"BETIM","Homem","Falta de Atenção à Condução","Colisão traseira","Com Vítimas Feridas","Pleno dia","Céu Claro","Múltipla","Reta","Urbano","Automóvel","Condutor","Ileso","Feminino",1,0,0,0,-19.9754,-44.1937
196214,436015,2019-03-10 00:00:00.000,"domingo",1899-12-30 19:15:00.000,"MG","381",488,"BETIM","Homem","Falta de Atenção à Condução","Colisão traseira","Com Vítimas Feridas","Plena Noite","Céu Claro","Simples","Reta","Urbano","Automóvel","Condutor","Ileso","Feminino",1,0,0,0,-19.9598656,-44.15489715
198157,438711,2019-03-20 00:00:00.000,"quarta-feira",1899-12-30 07:10:00.000,"MG","262",761,"UBERABA","Homem","Falta de Atenção à Condução","Colisão traseira","Com Vítimas Feridas","Pleno dia","Céu Claro","Simples","Reta","Rural","Automóvel","Condutor","Ileso","Feminino",1,0,0,0,-19.66958449,-47.6167202
200073,443641,2019-03-30 00:00:00.000,"sábado",1899-12-30 09:45:00.000,"MG","116",754,"LEOPOLDINA","Homem","Falta de Atenção à Condução","Colisão traseira","Com Vítimas Feridas","Pleno dia","Céu Claro","Simples","Reta","Rural","Automóvel","Condutor","Ileso","Feminino",1,0,0,0,-21.47859776,-42.57564516
204067,452431,2019-04-18 00:00:00.000,"quinta-feira",1899-12-30 11:25:00.000,"MG","50",68,"UBERLANDIA","Homem","Falta de Atenção à Condução","Colisão traseira","Com Vítimas Feridas","Pleno dia","Céu Claro","Simples","Reta","Urbano","Automóvel","Condutor","Ileso","Feminino",1,0,0,0,-18.85140204,-48.25345932
204168,452968,2019-04-18 00:00:00.000,"quinta-feira",1899-12-30 17:40:00.000,"MG","381",310,"ANTONIO DIAS","Homem","Falta de Atenção à Condução","Colisão traseira","Com Vítimas Feridas","Anoitecer","Céu Claro","Simples","Reta","Rural","Automóvel","Condutor","Ileso","Feminino",1,0,0,0,-19.6627921,-42.96427856
205047,454756,2019-04-22 00:00:00.000,"segunda-feira",1899-12-30 20:20:00.000,"MG","381",446,"SABARA","Homem","Falta de Atenção à Condução","Colisão traseira","Com Vítimas Feridas","Plena Noite","Céu Claro","Simples","Reta","Rural","Automóvel","Condutor","Ileso","Feminino",1,0,0,0,-19.82950465,-43.84255613
206140,458752,2019-04-28 00:00:00.000,"domingo",1899-12-30 18:00:00.000,"MG","267",88,"JUIZ DE FORA","Homem","Falta de Atenção à Condução","Colisão traseira","Com Vítimas Feridas","Anoitecer","Céu Claro","Simples","Reta","Rural","Automóvel","Condutor","Ileso","Feminino",1,0,0,0,-21.74628597,-43.26734226
210416,468369,2019-05-19 00:00:00.000,"domingo",1899-12-30 02:00:00.000,"MG","459",98,"POUSO ALEGRE","Homem","Falta de Atenção à Condução","Colisão traseira","Com Vítimas Feridas","Plena Noite","Céu Claro","Dupla","Reta","Urbano","Automóvel","Condutor","Ileso","Feminino",1,0,0,0,-22.199377,-45.969555
211552,470754,2019-05-24 00:00:00.000,"sexta-feira",1899-12-30 18:00:00.000,"MG","40",126,"JOAO PINHEIRO","Homem","Falta de Atenção à Condução","Colisão traseira","Com Vítimas Feridas","Plena Noite","Céu Claro","Simples","Reta","Rural","Automóvel","Condutor","Ileso","Feminino",1,0,0,0,-17.68960868,-46.318039700000007
215602,478356,2019-05-12 00:00:00.000,"domingo",1899-12-30 19:22:00.000,"MG","40",552,"NOVA LIMA","Homem","Falta de Atenção à Condução","Colisão traseira","Com Vítimas Feridas","Plena Noite","Céu Claro","Dupla","Reta","Urbano","Automóvel","Condutor","Ileso","Feminino",1,0,0,0,-20.06084086,-43.97716423
215602,478355,2019-05-12 00:00:00.000,"domingo",1899-12-30 19:22:00.000,"MG","40",552,"NOVA LIMA","Homem","Falta de Atenção à Condução","Colisão traseira","Com Vítimas Feridas","Plena Noite","Céu Claro","Dupla","Reta","Urbano","Automóvel","Condutor","Ileso","Feminino",1,0,0,0,-20.06084086,-43.97716423
215603,478495,2019-06-14 00:00:00.000,"sexta-feira",1899-12-30 07:55:00.000,"MG","381",246,"SANTANA DO PARAISO","Homem","Falta de Atenção à Condução","Colisão traseira","Com Vítimas Feridas","Pleno dia","Céu Claro","Simples","Reta","Rural","Automóvel","Condutor","Ileso","Feminino",1,0,0,0,-19.45740746,-42.52499719
216136,479594,2019-06-16 00:00:00.000,"domingo",1899-12-30 14:45:00.000,"MG","50",190,"UBERABA","Homem","Falta de Atenção à Condução","Colisão traseira","Com Vítimas Feridas","Pleno dia","Céu Claro","Dupla","Reta","Rural","Automóvel","Condutor","Ileso","Feminino",1,0,0,0,-19.85630175,-47.86944462
218428,486974,2019-06-27 00:00:00.000,"quinta-feira",1899-12-30 21:40:00.000,"MG","262",371,"JUATUBA","Homem","Falta de Atenção à Condução","Colisão traseira","Com Vítimas Feridas","Plena Noite","Céu Claro","Múltipla","Reta","Rural","Automóvel","Condutor","Ileso","Feminino",1,0,0,0,-19.97212126,-44.30817896